{
    "indices": [
        10,
        0,
        1,
        10,
        1,
        2,
        10,
        2,
        3,
        10,
        3,
        4,
        10,
        4,
        5,
        10,
        5,
        6,
        10,
        6,
        7,
        10,
        7,
        8,
        10,
        8,
        9,
        10,
        9,
        0,
        11,
        0,
        1,
        11,
        1,
        2,
        11,
        2,
        3,
        11,
        3,
        4,
        11,
        4,
        5,
        11,
        5,
        6,
        11,
        6,
        7,
        11,
        7,
        8,
        11,
        8,
        9,
        11,
        9,
        0
    ],
    "normals": [
        0.23511406779289246,
        0.11755703389644623,
        0.07639321684837341,
        0.1453084945678711,
        0.11755704134702682,
        0.19999995827674866,
        -5.960464477539063e-08,
        0.11755704879760742,
        0.24721357226371765,
        -0.1453084796667099,
        0.11755704879760742,
        0.19999998807907104,
        -0.23511406779289246,
        0.11755703389644623,
        0.07639318704605103,
        -0.23511406779289246,
        0.11755703389644623,
        -0.0763932466506958,
        -0.14530843496322632,
        0.11755700409412384,
        -0.19999992847442627,
        0.0,
        0.117557093501091,
        -0.2472137063741684,
        0.14530859887599945,
        0.11755706369876862,
        -0.20000000298023224,
        0.2351139336824417,
        0.11755696684122086,
        -0.07639312744140625,
        0.0,
        -1.0,
        0.0,
        0.0,
        -1.0,
        0.0,
        0.0,
        -1.0,
        0.0,
        0.0,
        -1.0,
        0.0,
        0.0,
        -1.0,
        0.0,
        0.0,
        -1.0,
        0.0,
        0.0,
        -1.0,
        0.0,
        0.0,
        -1.0,
        0.0,
        0.0,
        -1.0,
        0.0,
        0.0,
        -1.0,
        0.0
    ],
    "vertices": [
        0.10000000149011612,
        -0.20000000298023224,
        0.0,
        0.08090169727802277,
        -0.20000000298023224,
        0.05877852812409401,
        0.030901696532964706,
        -0.20000000298023224,
        0.09510565549135208,
        -0.030901703983545303,
        -0.20000000298023224,
        0.09510564804077148,
        -0.08090170472860336,
        -0.20000000298023224,
        0.05877852067351341,
        -0.10000000149011612,
        -0.20000000298023224,
        -8.742278012618954e-09,
        -0.08090168982744217,
        -0.20000000298023224,
        -0.058778535574674606,
        -0.03090170957148075,
        -0.20000000298023224,
        -0.09510564804077148,
        0.03090171329677105,
        -0.20000000298023224,
        -0.09510564804077148,
        0.08090171962976456,
        -0.20000000298023224,
        -0.05877849459648132,
        0.0,
        0.30000001192092896,
        0.0,
        0.0,
        -0.20000000298023224,
        0.0
    ]
}
