{
    "draw": [
        {
            "colours": [
                [0.03137254901, 0.49411764705, 0.54509803921, 1.0],
                [1.0, 0.35294117647, 0.3725490196, 1.0]
            ]
        },
        {
            "colours": [
                [0.55686274509, 0.31372549019, 0.42352941176, 1.0],
                [0.75686274509, 0.51372549019, 0.62352941176, 1.0],
                [0.95686274509, 0.71372549019, 0.82352941176, 1.0]
            ]
        }
    ]
}
